{
  "t20": {
    "name": "stack_lr",
    "n": 1385,
    "acc": 0.7581227436823105,
    "logloss": 0.4985483354953173,
    "brier": 0.16453473898556903,
    "auc": 0.8394292579352002,
    "ece": 0.031604206175765336
  },
  "odi": {
    "name": "stack_lr",
    "n": 444,
    "acc": 0.6779279279279279,
    "logloss": 0.5817014210125333,
    "brier": 0.19964367787464934,
    "auc": 0.7635327635327634,
    "ece": 0.05615391077254349
  },
  "all": {
    "name": "stack_lr",
    "n": 1938,
    "acc": 0.739938080495356,
    "logloss": 0.5238485675544152,
    "brier": 0.17510536617459255,
    "auc": 0.817371873592098,
    "ece": 0.030075286628486818
  }
}